,pdb_id,start,length,sequence
0,1A88,404,8,KSDTNPDG
1,1A88,679,8,KSDTNPDG
2,1A8S,127,8,KTEANPGG
3,1ABT,255,5,CSSRG
4,1AM4,353,8,CSALTQRG
5,1AM4,726,8,CSALTQRG
6,1AM4,1099,8,CSALTQRG
7,1AN9,297,6,RFGSSN
8,1AQU,152,7,GQVPYGS
9,1AQU,433,7,GQVPYGS
10,1AQY,154,7,GQVPYGS
11,1AQY,435,7,GQVPYGS
12,1BN8,171,7,PTDGSSG
13,1BP3,264,4,TNSS
14,1BPO,221,6,RGQAGG
15,1BPO,692,8,KMEGNAEE
16,1BPO,1185,8,KMEGNAEE
17,1C0B,112,4,GNPY
18,1C0C,112,4,GNPY
19,1C1A,21,4,APRS
20,1C3R,260,9,LEDYLSKFN
21,1C3R,632,9,LEDYLSKFN
22,1C3S,260,9,LEDYLSKFN
23,1C41,134,8,GVIEGSHN
24,1C4Z,1104,10,FPAEYPFKPP
25,1CN1,116,8,KSNSTHQT
26,1CRZ,232,6,SKTGSL
27,1CX2,365,6,NIEDQE
28,1CYV,47,5,VVAGT
29,1CZ6,10,7,CRRRGGC
30,1CZ6,135,7,CRRRGGC
31,1D07,12,6,EIKGRR
32,1D2H,689,9,PGAGRDGAP
33,1DCH,372,4,HECA
34,1DI9,29,6,SGAYGS
35,1DJ9,348,10,RPPTVPAGIA
36,1DMA,340,8,PEEEGGRL
37,1DNV,152,5,TGDTG
38,1DO0,498,4,EIDA
39,1DQX,211,5,DALGQ
40,1DQX,1012,5,DALGQ
41,1DTQ,130,9,PSINNETPG
42,1DZN,726,6,GYTPYG
43,1E4N,468,5,RNNNC
44,1E5L,383,10,GAPIGSGGYS
45,1E5L,832,10,GAPIGSGGYS
46,1E5Q,383,10,GAPIGSGGYS
47,1E5Q,832,10,GAPIGSGGYS
48,1E5Q,1281,10,GAPIGSGGYS
49,1E5Q,1730,10,GAPIGSGGYS
50,1E5Q,2179,10,GAPIGSGGYS
51,1E5Q,2628,10,GAPIGSGGYS
52,1E5Q,3077,10,GAPIGSGGYS
53,1E5Q,3526,10,GAPIGSGGYS
54,1E7Y,290,10,GAGDSADFKP
55,1E8F,171,6,GYTPYG
56,1E8F,716,6,GYTPYG
57,1E9N,79,8,APSEGYSG
58,1E9Z,196,8,FGFNALVD
